{
  "id": "/ecommerce/payments",
  "backoffFactor": 1.15,
  "backoffSeconds": 1,
  "container": {
    "portMappings": [
      {
        "containerPort": 8000,
        "hostPort": 0,
        "labels": {
          "VIP_0": "/ecommerce/payments:8000"
        },
        "protocol": "tcp",
        "servicePort": 10102,
        "name": "http"
      }
    ],
    "type": "DOCKER",
    "volumes": [],
    "docker": {
      "image": "faga/acme-payments",
      "forcePullImage": true,
      "privileged": false,
      "parameters": []
    }
  },
  "cpus": 0.5,
  "disk": 0,
  "healthChecks": [
    {
      "gracePeriodSeconds": 300,
      "intervalSeconds": 60,
      "maxConsecutiveFailures": 3,
      "portIndex": 0,
      "timeoutSeconds": 20,
      "delaySeconds": 15,
      "protocol": "MESOS_HTTP",
      "path": "/health"
    }
  ],
  "instances": 1,
  "labels": {
    "HAPROXY_GROUP": "external"
  },
  "maxLaunchDelaySeconds": 3600,
  "mem": 1024,
  "gpus": 0,
  "networks": [
    {
      "mode": "container/bridge"
    }
  ],
  "requirePorts": false,
  "upgradeStrategy": {
    "maximumOverCapacity": 1,
    "minimumHealthCapacity": 1
  },
  "killSelection": "YOUNGEST_FIRST",
  "unreachableStrategy": {
    "inactiveAfterSeconds": 300,
    "expungeAfterSeconds": 600
  },
  "fetch": [],
  "constraints": []
}