{
  "id": "/ecommerce/orders",
  "backoffFactor": 1.15,
  "backoffSeconds": 1,
  "container": {
    "portMappings": [
      {
        "containerPort": 9000,
        "hostPort": 0,
        "labels": {
          "VIP_0": "/ecommerce/orders:9000"
        },
        "protocol": "tcp",
        "servicePort": 10103,
        "name": "http"
      },
      {
        "containerPort": 9001,
        "hostPort": 0,
        "labels": {
          "VIP_1": "/ecommerce/orders:9001"
        },
        "protocol": "tcp",
        "servicePort": 10104,
        "name": "http-admin"
      }
    ],
    "type": "DOCKER",
    "volumes": [],
    "docker": {
      "image": "faga/acme-orders",
      "forcePullImage": true,
      "privileged": false,
      "parameters": []
    }
  },
  "cpus": 0.5,
  "disk": 0,
  "env": {
    "CUSTOMERS_URL": "http://ecommercecustomers.marathon.l4lb.thisdcos.directory:8080/acme-customers-api-1.0.0-SNAPSHOT/v1",
    "PAYMENTS_URL": "http://ecommercepayments.marathon.l4lb.thisdcos.directory:8000"
  },
  "healthChecks": [
    {
      "gracePeriodSeconds": 300,
      "intervalSeconds": 60,
      "maxConsecutiveFailures": 3,
      "portIndex": 1,
      "timeoutSeconds": 20,
      "delaySeconds": 15,
      "protocol": "MESOS_HTTP",
      "path": "/healthcheck"
    }
  ],
  "instances": 1,
  "labels": {
    "HAPROXY_GROUP": "external"
  },
  "maxLaunchDelaySeconds": 3600,
  "mem": 1024,
  "gpus": 0,
  "networks": [
    {
      "mode": "container/bridge"
    }
  ],
  "requirePorts": false,
  "upgradeStrategy": {
    "maximumOverCapacity": 1,
    "minimumHealthCapacity": 1
  },
  "killSelection": "YOUNGEST_FIRST",
  "unreachableStrategy": {
    "inactiveAfterSeconds": 300,
    "expungeAfterSeconds": 600
  },
  "fetch": [],
  "constraints": []
}